{
    "loss": 1.0614944696426392,
    "accuracy": 0.7931034564971924
}